name;nif;email;mobile;owner;city;address
Greenlam;43814295P;sgodfery0@google.cn;942952452;Caryn Dukesbury;Río Segundo;273 Mallard Lane
Otcom;45553005X;czettoi1@ucsd.edu;842563392;Hunter Edelston;Pavino;469 Summit Drive
Tempsoft;49981239P;cwoodrough2@google.com.au;898291697;Westbrooke Fishby;Yonggu;14 Clove Plaza
Opela;42245454C;pdehoogh3@eepurl.com;518996198;Concettina Oloman;Barra Mansa;71646 Coolidge Place
Duobam;J76776368;tmoscrop4@rediff.com;656303167;Adriane Scurrer;Badar;84 Rowland Circle
Redhold;76349885B;tstedall5@hud.gov;887516463;Kris Kaines;Oued Zem;45231 International Way
Alphazap;B38350930;pweich6@freewebs.com;970294710;Guillemette Barr;Krumvíř;56030 Sloan Pass
Regrant;G38357083;tmanach7@who.int;717277641;Julee Medina;Garbolovo;3469 Annamark Crossing
Solarbreeze;E38438842;shayzer8@example.com;652477174;Petronille Crawley;Olszyna;30043 Prairie Rose Park
Namfix;76791623J;kmunkley9@printfriendly.com;202489452;Gertrud Dunkley;Manis Mekarwangi;3588 Brown Park
Bigtax;42036370Y;trosendahla@addthis.com;624849905;Mandy Mutimer;Xiaji;265 Warbler Circle
Mat Lam Tam;Y2045758Z;jthibodeauxb@is.gd;459905337;Wilfrid Ida;Karlshamn;860 Fuller Drive
Sonair;B76635366;hdublinc@sphinn.com;742434971;Benyamin Berrill;Ḩuraytān;5 Cardinal Plaza
Ronstring;X11549976P;bgundersond@cam.ac.uk;387391263;Bev Stranger;Huangmu;2 Vahlen Center
Zoolab;44711219R;mmaccallistere@prlog.org;232767043;Kendall Dubois;Shinaihai;15611 Crowley Lane
Voyatouch;B38345989;lmouthf@oaic.gov.au;526722252;Micki Demchen;København;28 Spaight Court
Vagram;76612977B;wmaaszg@tuttocitta.it;715215858;Alonzo Braunes;Idrinskoye;3568 Canary Way
Tampflex;42418232E;pbatth@ucoz.ru;355171622;Reiko Kristiansen;Seynod;40707 Annamark Trail
Ronstring;45729441J;fantonomoliii@netvibes.com;549667680;Carmita Crispin;Masparrito;023 Packers Hill
Voltsillam;39453281R;sspataroj@domainmarket.com;191755355;Edward Tomalin;Dongjiao;64 Aberg Trail
Pannier;X54050654;bopyk@cbc.ca;242645897;Charline Konertz;Nakło nad Notecią;49556 Summerview Court
Job;B76734045;lcantwelll@epa.gov;202633191;Kalvin Moorerud;Pokrovka;7181 Russell Point
Veribet;X1955574E;hdunanm@google.de;838780127;Dionisio Moody;Ridderkerk;5 Prairieview Place
Y-find;44320731F;rcalln@unicef.org;255879530;Thorvald Higbin;Choa Saidān Shāh;217 Toban Street
Andalax;Y6658015N;ngoeringo@imageshack.us;518797474;Lena Rapson;Woodstock;54 Golf View Point
Lotstring;G76577832;lliddiattp@goo.gl;867878577;Udell Pauer;Paciran;3 Macpherson Trail
Regrant;B38345989;gechallierq@bloglovin.com;708274801;Julina Whetland;Pospelikha;2418 Vernon Point
Stronghold;B09761487;sswanr@ucoz.ru;429914217;Bethina Dukesbury;Pretana;8 Springview Place
Prodder;B38940144;hiacovellis@globo.com;656378818;Doralyn Nightingale;Suleja;25295 Springs Pass
Flowdesk;78471451M;astickenst@ted.com;560978951;Nola Haldon;Uglovoye;11 Cambridge Plaza
